log_id,user_id,label_ad_clicked,prediction,prob_click
20161217041101,hp3hqt4ifrb3q4f8vgo8e98e65,0,0.0,0.38265391566186036
20161220154111,bme8j89tsqrsr5d2nqrlpog172,0,1.0,0.9132132610825445
20161220155943,7tkc22j9cohkkaf82uoj4095d7,1,1.0,0.9780628992195874
20161220160936,2e4btugqcj2tdive5hh2rejsk0,1,0.0,0.040247338611767325
20161220163641,482e3ova2525b4luhtb93f3ud1,0,0.0,0.011800711120601215
20161220174659,hc1im9fle44no3ffrcjbo8tn17,0,0.0,0.011400219006079237
20161220191904,kffjv6v085m1trnd81quqlsn81,0,0.0,0.02155521686439177
20161220222009,pag6bc60iou3f2c1eqlhu7dc53,0,0.0,0.04817233108778096
20161220222739,kn6qr7vmdabo22uhl97lg7atm4,0,0.0,0.1589480885852914
20161220225122,6als1b4378o7qu4puheb89t9m2,0,0.0,0.05695609092404075
20161221004038,8k0t2pc1sof22oqg7b5lbtkq35,0,0.0,0.0645591736292005
20161221005658,i3bcktjnnvr9j2sjtgjm0dpc21,0,0.0,0.009746483253482263
20161221062522,589a997pir9vrdt3h4rgjiolc7,0,0.0,0.018495023313896075
20161221135250,1p8aerq0amtla7ook5786cdhn4,0,0.0,0.011059378641536055
20161221142051,0l5kp5iedfj7k6q3c4ll6npi72,0,0.0,0.01139743777369373
20161221142559,7mq73k2mo91fmuf6rc30nhg1f3,0,0.0,0.011043369823328875
20161221144223,monggdoag0qr2hhcao837h8kk5,0,0.0,0.013864047737066287
20161221164159,vj0moe9kvbasgk1sli44o4nko3,1,0.0,0.0021680239045669403
20161221191147,91udc7gj447del09slrp7iqs13,0,1.0,0.505929749358627
20161222002718,u1uefkl6jc54aplg402h2ktfu0,1,0.0,0.07572664482334857
20161222011123,9chfoerck1bql6r3rqfo7v2c95,0,0.0,0.38119337838022604
20161222063608,tcga2lp85brqvld336vvvb7ur2,0,0.0,0.012489538411783019
20161222070840,luij81m1ced6fjjkifo2kd5qv5,0,0.0,0.011475780780801137
20161222151016,s4hlrn7lnlhc0hnrqcuqhu7ir4,0,1.0,0.7630901312152198
20161222191017,2nitslq92uh7t7rqtl9jc7jt23,1,1.0,0.5165092166280296
20161223060409,vh764epvb3onl21b3v2bpgp0p2,0,0.0,0.015000225755915086
20161224015311,98b16dd9jglqfpqc6bvn3874k4,0,0.0,0.024667690321036106
20161224033738,iu2eso4jh81ott9q0itogpgps6,1,1.0,0.691462245790722
20161224041138,jqc8n38o30ctgkt23gddpkbcj6,0,0.0,0.27275195336827995
20161224044655,2j9oqlptmqvs8cm9ju6kgscvf5,0,0.0,0.021136669452378798
20161224201932,mk96m9u394fg7oiemt5v3q92b5,0,0.0,0.011627770697220985
20161225035008,d2b5hv7ue7ghkk84s4sbrtl9p4,0,0.0,0.010604352917906401
20161225043756,8ifvrf41r13bdj4cd48uuu5hh5,1,0.0,0.11141051973356353
20161226021837,ge0hmangis85t19ma82j26jfa0,0,0.0,0.014577029522615526
20161226142014,s03cirf3kk6a8fv4lc61nrdu14,0,0.0,0.013058835333926044
20161226194350,f22ht82fkrrvg70vcec9l6jr26,1,1.0,0.9868205276586471
20161227024453,vvg0j2bm56at9tdiv1gkb0nku6,0,1.0,0.5977991419467499
20161227071922,4fi04kmhg2netbkq5n6dssamp2,1,0.0,0.4166483848080672
20161227163132,jm1lp1uadka2t3d2q8rqihhuh6,1,1.0,0.9944189070079633
20161227185445,9rhh5eook357kr5vbtke4t5jt1,0,0.0,0.06688550512884428
20161227212638,4usfhv69n2140te7jksu1uck57,0,0.0,0.021506306757153926
20161228025545,g1flb8t5e3q8vdg7o85b4rs533,0,0.0,0.010599548784792079
20161228161611,k3q1dp1vqir3cfj937j27g1sp3,0,1.0,0.7281414775359407
20161228190857,nkngtj2svpkbl2najbjqd6vm24,0,0.0,0.28391193405444815
20161229071205,lii0vt009eib576995fppi1614,1,1.0,0.9866481837030615
20161229183249,abj7kumlpffd0nv12tjmn25mq2,1,0.0,0.05504890131278195
20161229201239,fnt7ljvv32o0iuf4o4o7h31mn1,1,0.0,0.028612847227554083
20161230021706,796npd1to8mc1gbl9223fm50m2,1,1.0,0.9868996343698782
20161230044650,udlm8m5oajv3r7dm7j9ph80j71,0,0.0,0.03355664164634342
20161231015823,h26fts4n0rcd1t7ru56o3bn172,1,1.0,0.5722910313964122
20161231043959,em1610qlvlr9p6gcv5keflq0f4,1,1.0,0.913726768194026
20161231072730,640e6d1sdv38vg262s8ieitnn5,0,0.0,0.02472274594788304
20161231152034,g1lp4vbn9u0h5od9r6q6f3lfu3,0,0.0,0.033540171634764526
20161231223318,q6qdje4r93up9g31tbjn4q4si1,0,0.0,0.03171223078176533
20161231230013,0usdkvioeoul8gsgruqlaekmu4,0,0.0,0.015185738290063533
20170101191218,u1gcaf69gbek0lltr8kufebjp6,1,0.0,0.011490899419949407
20170102002338,l176vre5ehbcbm0h4b5olf3ot6,1,1.0,0.9771056402786757
20170102023150,5cv3n8vq27vmbbca78mn0odkr2,0,0.0,0.04902462470899416
20170102023436,aqaddp04942kd5v8qp70iuci80,1,0.0,0.04244493074058242
20170102162833,j64802h73gbcgh53mhivd5e404,0,0.0,0.012560329063255882
20170102175121,d0sjv2jk3nsjrog0552dbbkhl0,1,1.0,0.896669437261691
20170103025752,p333s8dovhaaerelfu91a486b5,0,0.0,0.01148591706225488
20170103041419,163k0oranfsl7406qgkp21pk54,0,0.0,0.01104709231507861
20170103185653,6l6oksm7sptgc0vuqi6vpt9fs0,0,0.0,0.271173320707332
20170104152436,trfa0h3tfjerq0qe549p79l5v4,0,0.0,0.17335158581035115
20170105033145,9l7phn4d1pusdsqjjbdla30oc6,0,0.0,0.018778821042783278
20170105043647,q1aapcbunnf7vm0of9c293f311,0,0.0,0.43514865359370714
20170105101840,n3eobvvmp4bf3er0rh3od9ub15,0,0.0,0.017650369188630832
20170105161520,36p7ddkd05dop970tpg5mqrr45,0,1.0,0.97118867179313
20170106024027,qt02embcdt3s96pqv1vf0fs7p5,1,1.0,0.9909957292464538
20170107022523,l8052eu0ia35enan3ej54iss85,0,0.0,0.012664996119921446
20170107024837,o53acf9so231okloq3pmnot3p2,1,1.0,0.9887571548638591
20170107031131,11hbcnk5t5bj9le0l40nl1d3v2,0,0.0,0.014040519930421547
20170131124901,gih525370d1o7i02966mi9r3n6,0,1.0,0.7348115683113522
20170131130053,uj848bmklvm4g6ibunr41ffo03,0,0.0,0.011263290837182693
20170131135123,trlff0474rifnig7bu53fp19h2,1,1.0,0.9890849744108509
20170131135638,bslnfd09s88h9u6ffjm69qno83,0,0.0,0.07198708618966831
20170131135948,6lvrgpbefri0bd2u9hi25du7j3,1,1.0,0.9892256629856498
20170131142012,6ai17ipehf5lboga4d3n6q0596,0,0.0,0.011576526452652947
20170131145221,p68s20u6qjcpmpcga2udslilr0,1,1.0,0.9780938413844031
20170131150152,gap46nnvqmkrcfbs8kjn978tk4,0,0.0,0.20467226319801002
20170131152048,t53pho6ho0bptu028cptg1gaa5,1,0.0,0.04549812115964702
20170131164100,lbn8v9gb1qh4u656vpj0m0gn94,0,0.0,0.011629505805405338
20170131164934,sho3j38l993dt26it1jbnl1ud7,0,0.0,0.012494935941362084
20170131182141,qc3v94btnlcp7gorih0bk2mu92,1,1.0,0.9133121745047686
20170131200850,b1r7ig125a2d7o7n0t7h0e4063,0,0.0,0.01112228554280903
20170131203530,mcqd1qoj5g3ffh7jqeib4t93r1,0,0.0,0.01056477609522899
20170131213836,hhcacv690c5pblu5kve9uvq2b4,0,0.0,0.08508093924291271
20170131231723,i38opsi6nij3v5tpln2b1bsjo2,0,0.0,0.017690333433708738
20170131234604,549isgoid5pj1nm6qilb89mao0,0,0.0,0.08128447096194191
20170201004525,l4bufvhjr4mbt628dqs1t1u460,0,0.0,0.032868586335445316
20170201004859,mggoutraiq2jdhmk0jmboqa4a0,1,1.0,0.714736978848425
20170201033532,vlqvug5rdtfvsp1v72b1ncjnh0,0,0.0,0.023020743386777287
20170201113647,7nsolsc9cdcamt6u1sbigag6o2,1,0.0,0.11563231728333723
20170201141232,pr97e09htatof45mv4qm1h2od3,0,0.0,0.014648240250730749
20170201151919,pih01ffhokg14ej2opksanvql0,1,1.0,0.9878759583126411
20170201204643,vsrok8t5qkvmkqdatfiife50p4,0,0.0,0.03136069160527344
20170201233856,73gjnkrfthrcu64mhk2upi3as7,0,0.0,0.009473260558987562
20170202014542,fug4lsn6r8gunhvno88fidufp5,0,0.0,0.030282742830011977
20170202141418,rdkd4f1g11n7i0hkd1p9ass2r0,0,0.0,0.01104709231507861
20170202153532,3rmc6l5k8k6hu8tfb9trg0e3c3,1,1.0,0.987008747434282
20170202153824,pu6f2b1kivm98bkpfp5b3i4871,0,0.0,0.03145219648426001
20170202165348,spktq32s85dsv4d77r99bn05q2,0,0.0,0.2378219619135158
20170202212839,qsqqcc9jq8rjipjvp77jji0fp7,0,0.0,0.03819592857394416
20170202225725,eoa6s7ph37smoptv0v6884g7m7,0,0.0,0.02834090252187449
20170203003340,gfqf24k2ql5n0errrftb6jkih1,0,0.0,0.015145751546455588
20170203032234,mcf9t8tjhs4u5an0j3nrauja13,0,0.0,0.013326803975031165
20170203044748,pauhllujoojpb4c7d2k6i643i4,0,1.0,0.8604723975582368
20170203053849,fsc2h3fbhm2sh6k5mio16fca47,1,1.0,0.9813105206671094
20170203201309,1dg0qfv8tpphciaoii5kua6u00,1,1.0,0.8209861981034423
20170204005559,97q11rd2qi3pjai3o9t2vovhc6,0,0.0,0.010868404253998265
20170204020430,sq0tf8r160t0ni3eadmdj48jo4,0,0.0,0.01923835830504017
20170204032313,99ed8v93d8qenp12jjhr2uqg44,0,0.0,0.09237565034297879
20170204050205,3da1dco38p1lotjmmbpi54osd1,0,0.0,0.08105364005950122
20170204195623,5boing2qksmlklm3u6skorp3b1,0,0.0,0.01864719923419511
20170204232108,n56n9uddt2g15sjhm6dnrl5vb6,1,0.0,0.22287311949439148
20170204235729,1o2l5a7g688f1go8ps31riund2,0,0.0,0.03652153171752148
20170205053029,441674jfapu620i28i5lds8454,0,0.0,0.012686173184184413
20170205054634,gr5efqki20jd8l41ls56qqdut7,1,1.0,0.7979417361118799
20170205063256,9t7f717ronk2vtk4trdieaobf3,1,1.0,0.9884967047129616
20170205072536,4balp27ifefrcfagq5ae8kdtf7,0,0.0,0.08296877708974737
20170205073308,9be4ooofrbo9ud2cvpcngn33e3,1,1.0,0.9831208167534334
20170205120604,60ioat7ge6bnffuh7f418meuc6,0,0.0,0.01228732954078915
20170205164939,2atkp01sk5mmosgoal3m1prmf3,0,0.0,0.024438805560788923
20170205174102,0meuptnbiii9eols8egi8ahoc1,0,0.0,0.020393380970329833
20170205185924,nkncsf2i5esb1hebllq9lga0a1,0,0.0,0.01971888711617209
20170206030737,i603rgfqh7gn9r23opl7vj7if3,0,0.0,0.016253743041659607
20170206045029,1887vuhbmeuj8uh2td3cl6mlq4,0,0.0,0.047583625990372136
20170206145708,fgaog5oatgba70mpso7gc0dcd7,0,0.0,0.02339115335793318
20170206190742,653murmlq9bb521mcpap6e4eu7,0,0.0,0.013510162489205335
20170206205243,476b7lhrvah9cdgoh35n0ajgd4,1,1.0,0.9894789929245534
20170206232304,7m6vqvjcjkb09t3nifscmmq0s6,1,0.0,0.2341418313032264
20170207010110,cjjo309smf06c4fopuklm8ups6,0,0.0,0.012624983284316826
20170207024903,k34lag6n9fk730u5sut1hep8t7,0,0.0,0.049299340258769586
20170207093906,ee865vadqf8oh4juat2hb4ee23,0,0.0,0.016810747291624573
20170207150000,n3r0qj7pnb1snl2td6u7cec095,0,0.0,0.011361398866884698
20170207181633,rt8igqfkhd3514bl2nqee4hdg3,0,0.0,0.11227062004765143
20170207235508,e09cmnahr6aal1sdk7u8lmc9j7,0,0.0,0.022439538668654224
20170208054012,1u3snuj7q4um7r01jlnnnoe1i1,0,0.0,0.11860481282645552
20170208065831,5u4tovn0cdqphsjt74lmdg8gp0,1,1.0,0.9877481422176357
20170208175425,oo4pouovl2gt07qu4t8345ghf3,0,0.0,0.011388446290712118
20170208220808,hrkqdpeclm5ae9k391snoj5gr1,1,1.0,0.9812654904988328
20170208233738,aed099chfjgas541leclcpkv21,1,1.0,0.9876885230559923
20170209051500,9c0maa09q82t7udrn1d5nqr674,0,0.0,0.28347953715660656
20170210115723,3o0fl3ujk2st7ds43sf6lhkkm4,0,0.0,0.011629505805405338
20170210142854,3la91sgbpvm7htqqtqdbhqo7t6,1,1.0,0.9801283528117756
20170210142911,k4k68ppkr8h1igfcuasivuva95,0,0.0,0.016994283607796534
20170210154710,be5va6r4g5d1l2cr3tc4cumjp0,0,0.0,0.012845060755048654
20170210155703,s7fpu5sbm2rgshe7ubf1rsc206,0,0.0,0.011629505805405338
20170210162042,1997dfmlhjgud5upep21gnrf20,1,0.0,0.07575437287547093
20170210170148,0ihb98tjrfcmeg5ih6k0ui2aj1,1,0.0,0.021505980709564998
20170210172205,uk0tifiaerdbfapt010bc2i332,0,0.0,0.010482385789002402
20170210173101,7dpncb0oi8i4jdpuk2agilbqf0,0,0.0,0.009882521532776245
20170210174814,9kb9vdf6c92h75j0pmkr671po3,1,1.0,0.9932381412363461
20170210193216,l158551j21musvqc5spkppvmb7,0,0.0,0.013529348641800776
20170210215606,cl7i55vldaab3obp3j9lvm0sj0,0,1.0,0.7606262428057864
20170210233645,ctthdnme3c3eepsrsq041p7n42,0,0.0,0.29672572649692386
20170211000204,9luh8i9006t9mcifvh6ubn1580,0,0.0,0.4796789325731893
20170211005134,nmftgvkrhkao3cg6ug653r8vh4,1,1.0,0.9890350711270541
20170211020711,j0groseo9oagrs4fm65ivtkqv7,0,0.0,0.015161676710711336
20170211023555,jfghevhkllosu4f6esncg38mu3,1,1.0,0.9172892574473005
20170211060226,u7m89lf99mbmhp98r5vq1t3h13,1,1.0,0.9763834837145413
20170211084059,jcu9q58mdvs12e0i49rh5pgs67,0,0.0,0.01148651247706789
20170211173602,mlm6cirl95fv5mqhp50spkgbg2,0,0.0,0.019867954172313573
20170211181038,4ibote16b0v3av40uto1ed5u63,1,1.0,0.9890209424833605
20170211195635,glivbuljncfsm18qf4soja4c37,0,0.0,0.033813668186298274
20170211212357,q4qnbq53ok08o0gdvtb7gfl3i6,0,0.0,0.012092777804019295
20170211224417,lk0bqvj77nh1ltdu9gsorreje1,0,0.0,0.011273280425112109
20170212010449,j6vbhjvh35ufc64qd18llar2p1,0,0.0,0.011995178843977605
20170212011033,p6ps3um7i0vp8bhe6qc7ntkn74,1,0.0,0.34756825380280876
20170212052446,3a8kkbmhim7ar2e6oac64t7g53,0,0.0,0.024237148231368022
20170212140208,5figg4v50hk74v228hcd4o1a31,0,0.0,0.013439601343840146
20170212140924,rf4b9ckjfjnvnr83ginpbig2m0,1,1.0,0.9888100576773966
20170212145531,lpov7o04s7vg119oqmh5h9vqa0,1,1.0,0.9696531938391116
20170212153654,3vsht1527gd7jp9ek8nk95g9a0,1,0.0,0.2699851376155965
20170212160506,fgboaj0ull2jr3q2ee9q1rq1m4,0,0.0,0.21860989786972163
20170212160822,vt7a4uktmf9pg6v34g1b81vsd3,0,1.0,0.5116207595645108
20170212170627,ec80hurckj4p1no3pj8iuvvbq0,0,0.0,0.016336218722684204
20170212221146,037em0r7ku12ltcsqrntvksr47,0,0.0,0.012295357895688919
20170213013016,soocspjcgedp19eqh2lmumrpr3,0,0.0,0.12879656224722558
20170213155259,6plngtrog8j64s2bo93qpcbl17,1,1.0,0.9932365838246814
20170213155813,jbjmmii68qf0jfeqvdji5t7lp2,0,0.0,0.02714026897033406
20170213160848,vn7ime5pg14l42he2s5la9j081,1,1.0,0.9838413507746532
20170213165052,92fegi7k9kbv10urrhmg5afce2,0,0.0,0.012061730477928023
20170213174111,i7use8l7iq5dbjtbphpmfejct6,0,0.0,0.010714226435493801
20170213185534,v4mqedqte3399dsrocbeqkckm3,0,0.0,0.2403697417660814
20170213210031,4u7ej7ep6etaf38r1hs780fd02,0,0.0,0.011648870808565692
20170213224333,612p0eiqin1cbqgssu86k9ji47,1,1.0,0.9129705874843004
20170214001751,k5ott2m1nh3v2feb1p0dadfgp6,1,1.0,0.9866034743930268
20170214021916,19qv22in63fvnkos9pcdn67gk2,0,0.0,0.04129793316519004
20170214155428,rd8v8gvfbeacr07nfo9a7oi980,0,0.0,0.024598873286139078
20170214212553,2h3antd8imtdtfuvc3kdc36df3,0,0.0,0.0115205209312641
20170215055919,ul09deg3u2sevkklp7v5n0mut5,0,0.0,0.011407806445507762
20170215220054,j1h7v1c7i77ct1n5sk5b3dv5c6,0,0.0,0.08220168109490433
20170216005141,l0m7lh5tpc70a1p5qrhb6gmg11,0,0.0,0.04796503163165022
20170216030433,b3m99tb12d0ejljk39ddoibd54,0,0.0,0.01141253771020323
20170216221937,knp2m6n2av9jr3657etpdqtal6,1,1.0,0.8310015380085178
20170217012739,89l25ht8rcugh301cqvq1cfj60,1,0.0,0.14706490585524312
20170217045758,6r3t796gumf4pb2vmaigf9ndc1,1,1.0,0.8913461629484402
20170218060707,m7ohkjv7m0irnbob6bpphnrpm1,0,0.0,0.01280718830347971
20170218233049,329rl0k43pico6bmboubl6fei4,0,0.0,0.0123787811574253
20170219154759,le0g3hm6trt11eifvq9bav9ut7,1,1.0,0.896030864518052
20170219155914,puom1onn7f6rhrk49c0nvhdoo5,1,0.0,0.06921747708629677
20170219170612,mmk919s6t2925a39913c6ddk81,1,0.0,0.018973931943709332
20170220072213,rdi47m4cfv92tq4v7sn4jef277,0,0.0,0.019703391514055535
20170220191700,etiu1orebsuk8ur45mcii26s55,1,1.0,0.986455519335906
20170220200247,77e900a8758ddhqblmhb9jabv1,1,1.0,0.86215156262397
20170220212119,o5g1s7i81b7lonhrao25j9nlh3,0,0.0,0.1453384235077042
20170221000828,r6tk5lv3v1accna3urrcqudss2,0,1.0,0.9430193666734311
20170221002556,l95i4n0b8b0puh7pebfqkmml47,1,0.0,0.034398068164974704
20170221023332,onvtomiq5uvovrmgal5llmo9h4,0,0.0,0.011218916347980445
20170221061159,qo0qdm11kbl0c25qfr36k83c82,0,0.0,0.012035765892089656
20170221192217,bg9ap32vomoqma8r60bv5mn2i6,1,0.0,0.09390532227144488
20170222091028,r3oug6v5llqdka3vskn2cvspj7,0,1.0,0.9894781131909266
20170222130440,ihom7v8qnbar41er4rta7f02n2,0,0.0,0.01193388728587752
20170222181602,56pg3qp827mb4qpj3neje9ski7,0,0.0,0.010324736831921033
20170222190241,dt6eo48homr1plbuomj6m0shu5,1,0.0,0.18190883572707528
20170222201833,f92eunht81dqp53c18pvurkm21,0,0.0,0.11668803702528863
20170222224214,1svdqjtb7dmiigsg250gknj3u2,0,0.0,0.009598825918782805
20170223040114,3va4u3ff14nvjla2mdjr1riaa0,0,0.0,0.011078585752044234
20170223094236,en9fm395l8o9u9pjcrh9un5gv6,0,0.0,0.010547771767047687
20170223162325,reot9gqjjp0rsg2937p3c9s2g5,0,0.0,0.05254178897611461
20170223183512,cae9ehte3e0m3bf63nnf43ioa2,0,0.0,0.012825270327281424
20170223192001,ihfr587ub1k9ng3rsoqnnsise5,0,0.0,0.015557308441747075
20170224144406,dcqposur18j32ncuavreakmn85,1,0.0,0.016735943883659288
20170224185509,j2o9llvsvr76al9qi7jn08qle7,0,0.0,0.01125995645478084
20170225003019,p2almnblpgn19hnqj9jk09oq77,0,0.0,0.050387098189296875
20170225004211,utd1kem7nbs2k2tvuupsih5ce0,0,0.0,0.011444118652168211
20170225134039,nspavg5mp0122im5f676v5tbo7,1,1.0,0.9828566826825937
20170225220009,9b62rnq8spplmrsv7trfpkt9f1,0,0.0,0.011636839829491041
20170226011147,19d896q2d9ocglokdpqf7so4i0,0,0.0,0.017491084454978822
20170226014122,6u597l9i6up54e8v05daq0cq77,1,0.0,0.011261637302710237
20170226093301,7rna09m96c3h1v649g0chnibs0,0,0.0,0.009397868474507742
20170226131940,9ns8le7ncta3lctiavhd5r3gn5,0,1.0,0.7229584868700479
20170226141115,enf06ekj1vn69jb1evtcgj1jt3,0,0.0,0.011651619186323958
20170226175337,41v84eha7h21amcd9lnmnc8uo3,1,1.0,0.9501053186320267
20170227064131,8e129j58htkgd1782ullr2nrs5,0,0.0,0.015993501532707732
20170227191216,csr7c4hs2va69e9ovjicinao90,0,0.0,0.4871328647588127
20170228053539,h92fmhot4r0c6v0dh9i7oepur2,0,0.0,0.013480436285112085
20170228091321,l8jqsa90pnkq2jqfm52lrrliq2,0,0.0,0.08283167620785337
20170228172328,99btv3p2e2jcffmfeb97fq76f2,0,0.0,0.01280718830347971
20170228192428,uodb2ebqtrofg9aird09lh6o32,0,0.0,0.012671937004995026
20170301203451,n6rjregoohivqvditl9dclirv3,0,0.0,0.01930900936133817
20170302004347,bvpllad012k6at4kle53vogq47,0,0.0,0.01064704675785888
20170302111231,ve6nc8t835ktctrpcuu00l9d00,0,0.0,0.1441501901953478
20170302180554,q8nbkte5feggcp0lo55msk3th2,0,0.0,0.011355426589665152
20170303121814,n3h60i4cu6qdgmoonsvmq5c331,0,1.0,0.6535124949702004
20170303122212,jup9qim6bl0i54aij3uduanh86,1,1.0,0.9853169865335883
20170303123053,n1p8kk2cbb7rd6i6f0safrq0v0,1,1.0,0.9449200716826011
20170303123326,k3joe90uqtaumfattvcgv9ppj1,0,0.0,0.012071016854936834
20170303123905,4b5kr1vkbo4mes5b4ssjf0lof0,0,0.0,0.015845506112670993
20170303141015,pd2ecman0qcdtd9hfql9nufjd1,1,1.0,0.9262842547401372
20170303191734,tacriu60r4eulalcok022sdp51,0,0.0,0.17219878431999747
20170304023029,uclun9g1kgpeji1i8ag213l177,1,1.0,0.9790565041680015
20170304034700,ffp5ftpn8jnhmf6nc3kn1f67l6,0,0.0,0.015811651458270237
20170304110841,876s119ldkhgoums3rivgm92i6,0,0.0,0.02701763718818151
20170304114551,7d7lqrmv2lqclu7abgd0q7bdt3,0,0.0,0.086463997583338
20170304135253,j5g06485v6s98g4b9h327j72b6,1,1.0,0.986204375798973
20170306014805,sodqh1b483q1i97r3feaqh99o0,1,1.0,0.5512748346339369
20170306105457,h8b07qpb85ekuiqo3g0rr1t5i7,0,0.0,0.013490063491398363
20170306145417,o9glms1je30nu1cnnu3br0fn42,1,1.0,0.9548467314895351
20170308004925,mecsd9gl921me07ue90rcoced3,0,0.0,0.024028723760920134
20170308123623,pb896pu1r7uiitpgu7cjumtd36,0,0.0,0.021690138492676203
20170308210740,glgequfao70i89e6iivb0gkvs7,0,0.0,0.39560028009712356
20170309054846,0qtd85dvufcsvas4dpvqksat35,0,0.0,0.08405006555843164
20170310064936,0m5qhvmes7e2gsmbo9f0r0l801,0,0.0,0.01220795909051653
20170311202527,pt8cq14f840m7jhkuq0ba23c64,0,0.0,0.0695537452348649
20170312200221,k3k5hglefegmj8muajip30acl7,0,0.0,0.008557399347492445
20170313010036,fe2hi78g9bt186a8m0akheu7f5,0,0.0,0.022792289311952763
20170313035704,alqsnrmi17kd94kin6tq19lf84,0,0.0,0.03732464011716141
20170313062726,83vvklf5hka5701gq8066feer4,0,0.0,0.00549518118340131
20170313094808,aljqu8p52ovlrskveh4ct8dc10,0,0.0,0.3269266265022578
20170313131458,n8ak3ur0rksa6pnsi5f1rotih4,0,0.0,0.012118268332266369
20170313202702,vc3jelcvb7bqpuvr7agbm3o5l4,1,0.0,0.321038522891369
20170313224213,ook21q5s3lvnvgsjq75h9c9lc6,0,0.0,0.029174302833782417
20170314015609,f4m3q71p4d08s8onua9o346r86,0,0.0,0.017471167696755052
20170314021909,eedffic7c1pjr63qi5gppvon85,0,0.0,0.01063650162458063
20170314151811,fcggr26d9ohgdn9s8ml6kij782,0,0.0,0.38558138110146967
20170314160336,32b2bdfq0rt3loopvk17e9tl40,1,0.0,0.03025975409206283
20170314164843,av5p9illsekqtkf2o1npph70p5,0,0.0,0.08364818281548503
20170315182009,03vuliv2fraiffthfn3j2eeqc7,0,1.0,0.6355852507750537
20170315194725,eg7eqtc8kapvao3uhjp81cn182,0,0.0,0.03289222812911963
20170316221320,ahaklubgeqg2k3lvnela3mnef6,0,0.0,0.01280718830347971
20170317052426,tn19kc3k29af4v9u9o5qr6k234,1,1.0,0.9448943001876395
20170317171705,dida13a5ocicgakno74vqt42a6,0,0.0,0.07256138265638823
20170320103259,mvrb031r1ibslou7fhj1bnkbk5,0,0.0,0.015131126299567033
20170320133436,8fere2glgscu4m46ip4voa7su0,0,0.0,0.04674925400193797
20170320153320,lrjkb7a64bo5dhjbbs6cjp45p7,0,0.0,0.010257156987803828
20170321180338,m78pfkhvfo8kjd1982mudod2t0,0,0.0,0.023199052000102416
20170322075451,9dn3gukskr5hr36ohvdqv87ib4,0,0.0,0.06133795697331612
20170323051509,aag4o84qme0m172peh089gpq31,0,0.0,0.019728751580588844
20170323100016,petgn7lggaoq5e2ldqf3tterm3,0,0.0,0.012221885197475024
20170324163546,m1b4roc7as9i9nsc1g6809dej4,0,0.0,0.03564597810634995
20170325014603,krfgpcmqtv55dnb6cl5mqcuqp7,0,0.0,0.01232382308788571
20170326132635,r6ek972rsf0mah8p21djf312g0,0,0.0,0.01329972518244893
20170326184635,naade90qc42gunc0ruudp51jf1,0,0.0,0.01524120053401179
20170327034852,nq4rbjf43s92qa8806f859ejt4,0,0.0,0.03231197134001018
20170401053435,dep3jnoldej7u78elhf4n1dgq1,1,1.0,0.7069816764163108
20170402020004,d79aslas41chaom3f0g36oete1,0,1.0,0.7362096044067349
20170402050446,4ig7kd7kmcqc0r3k2iot74c6s6,1,0.0,0.045433807103948176
20170402070913,skrk3smcj0nn9n2j7e2clka2f4,0,0.0,0.02955020538110542
20170402070919,f7jftmurk041feef5264hfmmv3,0,0.0,0.014156285082077558
20170402093707,e1kl0cpk4rnlekimr591kkfqo5,0,0.0,0.015767293510757785
20170402185652,ic19melf31vgimqu25ng02tim3,1,0.0,0.03487745744673876
20170402223309,jtt18nmmv53lo9upermc6c76a7,0,0.0,0.004086256893406914
20170404163826,cvm52jnul9ps0l74qmjieuqn16,0,0.0,0.02174619605353434
20170404235536,vimcqlepbp91qmejvbj2i5f7i7,1,0.0,0.03995597026797515
20170405035432,o9f88s77bq47eqtljnhp80au81,0,0.0,0.09240485063850512
20170405152831,3de5uuh8v66v5si50eas5utsd3,0,0.0,0.11158932506614083
20170405200005,9v4d7ftuvt2006ji66u2sva6p5,0,0.0,0.044328715922704376
20170406024851,f2bnoegm3q7eof7i66q7bjecr4,0,0.0,0.02015327674933165
20170406154524,18446cf0nujv3mlm548bhkqte6,0,0.0,0.020795956756195833
20170407012804,pp9p3meld95dcb5dnr8k86ukf5,0,0.0,0.015806025070236318
20170425123850,aibha5scoqtviu5o4hljkmkvn2,0,0.0,0.31397919505942706
20170425124048,n7msvlrd0oqc2qld7jvulkr1q3,1,1.0,0.5178643330207102
20170425124110,ro4od84m3fpboe3g4aelod0s26,1,1.0,0.9890350711270541
20170425124638,utjnvvh4p3hv40iq3bbfpccre2,1,1.0,0.8410175282168108
20170425125423,30c2a4fehvo7q8qqf89947jdc0,1,0.0,0.10429954781251638
20170425130707,sbqfoqv7kpcrubu7tdij9lsfd2,0,0.0,0.011317962387423663
20170425144844,ljko4p8mlg1h99krk6q2g4kh83,0,0.0,0.011343741558422993
20170425145412,cp7kqp090fr0gr7j0vm26sdp02,0,0.0,0.011514956962843437
20170425154248,95tj7vs27ej3njnufe6m16e8f1,1,0.0,0.088862217839908
20170425164857,08vo17af51fhhl1o1f2ggucps1,1,0.0,0.014106312625668527
20170425182924,u0k1mrvi9p9c3uq7e085rd2f33,0,0.0,0.01280718830347971
20170425184744,edfianvl6a5b49leaiojfp7hk5,0,0.0,0.012317650381871714
20170425190705,9evp5b4la3q53ubuc91n90uoo0,0,0.0,0.01273850059153303
20170425195917,rviji79uj2dfo3dr0f2kuuc872,0,0.0,0.011121679778945959
20170425201624,mpniu61a41hr6dnmerb0oadib7,1,1.0,0.8977039667743021
20170425213621,59pe0gjd4huumnoq8phstcc191,0,0.0,0.014155207072014786
20180118111927,sbhhrvsm495uj9hsg4j8nggea5,0,0.0,0.02711837172068876
20180118112213,hudpsdcif8ci6eu5prgdfg76p6,1,0.0,0.05279504264282109
20180118121631,10poeh0ncq7p3t89d3qtltneh2,0,0.0,0.1890931564681314
20180118133628,n3t0poa175qopl1972a7lt5tq4,0,0.0,0.014925400972655045
20180118134448,ug0jc4abg7ejj3bou7ip531q30,0,0.0,0.016062509302900208
20180118135030,fsfad1k8h220mpcfbr5cmodbg6,1,1.0,0.9874111426162188
20180118140202,eqbe79vve597svtju8d4t31p21,1,1.0,0.6424369061693864
20180118142514,be4n3bhnrgulh18e70tkotpoh5,1,1.0,0.9898584022003722
20180118152009,j2fd4f3q531scsci7m041mgs16,0,0.0,0.012493032068561116
20180118170225,s0heemeaceefpf5fi789unn273,0,0.0,0.01177740579241282
20180118184332,5aoeqdlpefmhjmhibfv1gluo31,0,0.0,0.05826790872438836
20180118190532,f3mlcr4bv0qf4tikqde859tgj5,0,0.0,0.011450651578346904
20180118192646,mhnja7p10omgbqq9fovqrshmk5,0,0.0,0.0901655568975055
20180118193354,uu0359kqnhdmqihcb9pjt4sl21,0,0.0,0.011261637302710237
20180118212515,gk56gcs8vfcfsqj3jcsk0vs3f5,0,0.0,0.009852306186241333
20180119003551,f262g7403mcgv1not7v0mtuqp5,0,0.0,0.010356027670321288
20180119005740,0ad7mff0gvduohi8ndm87cdg11,0,0.0,0.01125995645478084
20180119005822,6j5r8bu7blsv97g7i6qiv61co7,0,0.0,0.04216433645857298
20180119020513,bkhdq9gn5df8ibf1emoes6b2r4,0,0.0,0.010192337370898641
20180119020817,g5cfbeh4cnppj1pcab4eu9cju3,0,0.0,0.03195162720620648
20180119024509,cir4sfuohnsao8hcb6e6h5udp1,0,1.0,0.5809471377334634
20180119033039,a8o2eg81k6sj874cvo8ipd4e81,0,0.0,0.012655985844378104
20180119040337,j6gosegj7pu6d0g8n3jihnf8h2,1,0.0,0.11586327096771931
20180119045816,l3j8ihue2k8pv9fph2th4fb8m6,0,0.0,0.011408979024978505
20180126010729,fvvtgejjmmn4u80qa2tkf5u2e1,0,0.0,0.023681509787618404
20180126014423,bisj3b4pgao7g8pchihdpetq95,0,0.0,0.04646133435655586
20180126015322,9cnv87tch1mfk8qbrj7p3hgo64,1,1.0,0.9877088451683228
20180126015723,t00ns8acdppsiadng5hc1eit63,1,1.0,0.8376649793522121
20180126022341,fh3387bfieqoe1c550iqg53i16,0,0.0,0.18622899726705844
20180126023537,eja594earuqii8ktjtj3mrdai7,0,0.0,0.01916971368342979
20180126023538,49euoi34jhb799dg6dqdi8l2c2,0,0.0,0.12194950661538506
20180126030743,gj9hcmf3s27ejjt1tbat7vaf53,0,0.0,0.012180407559156836
20180126032722,lb3gmqstvla29lhqsutoj6nn76,0,0.0,0.016707916769430065
20180126084115,d0n5ci5r8845gur4tbbsl8nvj3,0,0.0,0.018704687380198592
20180126095154,lkelqklgue0in56i3guhr1dnh3,0,0.0,0.057433419542711306
20180126103517,ln9cm3d6irtgbieuktc48kepc1,0,0.0,0.011261637302710237
20180126111626,r0p77ti5ug561vmaq5hl6m9fb7,0,0.0,0.006031686946332271
20180126135404,a8mob8o6viau742ilivoratje3,1,0.0,0.25740024608068457
20180126143816,16jq7dmf3g5pf4iuhrb1orb9p4,0,0.0,0.011130449822968291
20180126152435,vp2e55l8m6cums4libjeknnpr4,0,0.0,0.02247888989375202
20180126153753,tcdccnseulj22jell92nv0d266,1,0.0,0.0936973400914749
20180126154116,ik6lp555bohb9946n2c1091mp4,0,0.0,0.011388446290712118
20180126154153,rnbjmdd1s95ba4ih8oom99qi01,0,0.0,0.11168540205252109
20180126173120,sl6c6ag20un7868hh32tprcnf7,0,0.0,0.026058560075569948
20180126182011,vjc51cnfm016rueb6d0m4rua01,1,0.0,0.1859524315154898
20180126190823,25mjoeg46q9fnllkfcd9gq1vr2,1,1.0,0.9816950996931194
20180509211453,hno4m6lvqraqqtmv1fi260feb2,1,0.0,0.14176800275843526
20180511082159,3ki13cdve66trmc13bp4h1t0l5,1,1.0,0.9862023273205929
20180511174907,tjpe10p9g8hj7r2semlldcrim3,0,0.0,0.021279382482400355
20180512030556,0a9qspkvdul3rdf3kjonm5n2q3,0,0.0,0.017111464969852275
20180513221717,ufipbefl8v4vp05k13h27h87v7,1,0.0,0.049134333794737195
20180516212210,jpagubonpjh5nlhuk8pnsuk5t4,0,0.0,0.02972937587417135
20180518214139,ft227b62msgnsg36qe6iipnqj7,0,0.0,0.43368857665098737
20180519220641,uu2mgf2chdv9aik5rl4qlvura6,1,0.0,0.24218537246787675
20180519230725,im5165qogrjhrjbo8krgdq24h7,0,0.0,0.08956196983220399
20180620183418,efbp469n1vfbnb0cafa6o4bsb1,0,1.0,0.8178709176007889
20180621174053,t2lmktl0vs770t8h4dlb1mco44,0,0.0,0.01374525368604107
20180622212630,k2v1l2mlg6p9bkke7f6gl2s7b5,0,0.0,0.02017272517699864
20180623103801,j9phgv9lucvu707e1324qg9dg0,0,0.0,0.04022623535474745
20180623204734,54l619jdmafm3lc022grnbem94,0,0.0,0.010018485332187299
20180624145752,c0ukm7ed3he69cqoaaacku8cl3,0,0.0,0.03243538958632386
20180624234504,ps3enndgscehk94mo70s2u2k32,0,1.0,0.9552137099159947
20180626145318,3kmte436j9c6n2v9n4p6kke8p0,0,0.0,0.054940745930777246
20180626184012,mkalr3sjc4eqhlqt5um60fujm1,0,0.0,0.009654929712087479
20180629152316,9ua8sre9s77367k56q2sdts550,0,0.0,0.02494357388010371
20180702103914,uo07n3dsd6rp91g8aqq2lmsmd7,0,0.0,0.010299670094767066
20180703125118,5v9mhjku0mk5gdbj3lqpk35hp5,0,0.0,0.017133728698614403
20180704205016,4lfc2uetrk2ej6cg66baj1euv6,0,0.0,0.10922565734173928
20180706004551,anh17b90d3etsbvcm0ttu7tb51,0,1.0,0.7741995175446776
20180706083551,gjd3hpdok16aqk51plaoad2dl1,0,0.0,0.014844693742532167
20180707091917,o76jr3qkqe7tejadrtbstvrrf5,0,0.0,0.013310256015484856
20180707145436,djmglllhnddlgor627lmkn66d3,0,0.0,0.07555595517034241
20180709214749,knrhj7kv99b5ecsv7u70fldoe6,0,0.0,0.01212647200101924
20180710022113,2ccf1l93qfmsq2a4rv8qnoiph1,1,0.0,0.34420037283845983
20180711222547,dokskedgv033k4n9jt2ousn2v6,0,0.0,0.011193732668549283
20180711231028,4bu8tt2ahce9g74megpvdv2hv7,0,0.0,0.014075083832896573
20180713045140,qvp6equi20ag8b7omkrtiiq8f2,0,1.0,0.621174408008066
20180716085223,oh5kaqbu6ajjlmev0s0idgh5c1,0,0.0,0.0386213731919236
20180716135416,vf69j7uuf94hdm61h774ikb8u1,0,0.0,0.006489664259448191
20180716153117,atogtk02elravf415k5pfhh1g2,0,0.0,0.010551252760165886
20180716184403,sgfrbhi7dnc92euuda39gqmre3,0,0.0,0.010313395744760201
20180716193327,tfff6r2l9fgac0let8p3helbv0,0,0.0,0.011706149480663841
20180717045934,enjjlg9o9s1mks389edlsfd231,0,1.0,0.6919834436698631
20180717063045,em5ik8eah1s0jg4tsoeg4nvtc7,0,0.0,0.020006522817342276
20180717101024,pl5pbiulgldn27ds67c4buru22,0,0.0,0.014457419874443156
20180717234639,psj7rvm8h9r0pk3a1ie5kt27u2,0,1.0,0.9644338073878689
20180718141729,cug90j3n60rk88p1o2jf2fnqd3,0,0.0,0.012648960195370318
20180719002448,aepd1ek5rm4n5ekn67ms0o37g4,0,0.0,0.01104308437839474
20180720014715,i5fskjp174lu0vmp2l1c2g1tq3,0,0.0,0.04656554998639517
20180720025202,us6unptbsp5s5ei3sqert2q5n2,0,0.0,0.05139777648903243
20180720080439,0dcd2e49nlvtp1c009l2mert80,0,0.0,0.15959035472987004
20180720175119,pdd3dden669quuk2la631fimq4,1,0.0,0.2591155638554825
20180721084706,t4cc5fvbciuurrrl7992brk056,0,0.0,0.012189061155615466
20180721175933,nqjt4ogjqahlhqum6nbtuhl4d3,1,0.0,0.06512719513040999
20180722084346,dc4p4f154fu5bgf119s8gbj0u5,0,0.0,0.010247989539907576
20180723160047,ikkp5sdtv2mn0tpa84ljj6ais3,0,0.0,0.01125995645478084
20180724113121,ukbek61spmv32rdbvjf3f9an31,0,0.0,0.012840235622143092
20180725190501,1vmeorb8md35rhk3bl24nshgq6,0,0.0,0.016335026162366817
20180726141807,9n2p27sn26amcckdvrds2nk8q3,0,0.0,0.011626160579961686
20180728051330,43qmt70kcmjfitcd4irjsjbq26,0,0.0,0.027380676865219833
20180728123801,e9noomn4spn0630oq714j900p3,0,0.0,0.016614158858977768
20180728154707,gisu30epfjd75pkbl8v5ljc6t4,0,0.0,0.2735994793066744
20180730024356,tojrq80hnrs08f1eksds9e3k43,0,0.0,0.011261637302710237
20180731123748,vlbtoska7ejeih00piq83q7ob2,1,0.0,0.011261637302710237
20180801233446,2kqnbomijrt3jlgqqgg3gdp4i3,0,0.0,0.010099511462620891
20180802091110,42stk82v3vcm61t0crjqkq7u16,0,0.0,0.017716052821631023
20180802223843,jvurik9btvini8g4d4h1fcqmt2,0,0.0,0.028436654282092633
20180803101430,qup11uogp51vlgmfd0joksna62,0,0.0,0.012076662793297
20180803221948,77pvf519nbmfut60te8feu8sa5,1,0.0,0.034042056303704826
20180806200911,fhnrac6c6tcc3rh0cb9j33vcs7,0,0.0,0.04655764197525314
20180808124105,696718a8amhie504d9s8ppphs7,0,0.0,0.011606091104412908
20180810210049,690m06bes7jbm2qt3djgfoet43,0,0.0,0.12136411162272143
20180811234930,6n0j8cg4j1v4eaqmfakdi5g4r4,0,0.0,0.06503226674796447
20180813230852,3r974ufssp60grmim8g8cn26k3,1,1.0,0.7288652853313826
20180814214147,ag3t9lqo44cs2i2lleanb3dr31,0,0.0,0.011995178843977605
20180817191952,mv9f037qn2v6m4fjelackq8dq5,1,0.0,0.06558065316438888
20180817212033,bme7d2lqdhhbenlciu8lqjmnq0,0,0.0,0.017959038988057396
20180818225129,nklgj930ohtanbgjl22nje1754,0,1.0,0.7796410705690284
20180820015025,84gcdptdrge5vbn8fi2rikou13,0,0.0,0.013743127655841736
20180820100236,ka3qitc9o5evhhdubr3gt72lq6,0,0.0,0.016847862517447854
20180820203641,pubrd3rk6029c28alq37rcn5k2,0,0.0,0.017298846736048534
20180821160607,1gkqhmk6d6cosqqhl4o5mi8qe2,0,0.0,0.06137157961057971
20180823094635,nantfioa2d4hoonpg4rj44ggm0,0,0.0,0.026558433694332417
20180824145250,hcnqg18m061n5rmae58025qtf0,0,0.0,0.013203556783301984
20180825035621,dbfte8ngv2nb6g9d6tnj964me3,0,0.0,0.05332852462409954
20180827201856,mj0rei4ep234elag6kkll60dd2,0,0.0,0.014864278519224117
20180829152152,l6mj42866iuotl69cmk7f5cib1,0,0.0,0.21362043779266437
20180830044704,itjfjh0onjr07ecng3blrs6qq3,0,0.0,0.02019846063711883
20180831035030,vj1qapt4to1dlulifqqh48bk25,0,1.0,0.5527797919803907
20180831133509,6st7139e0hcq5mi50ueojsmn26,0,0.0,0.017542074505163652
20180901004721,tabuia6rbbl3908glpuec4cii6,0,0.0,0.01456677906405257
20180901154357,orbq701vf3hqpsv64jled5der0,0,1.0,0.8798967873915772
20180901211020,4i1krt0hn95unv9h1l0ipru4r3,1,0.0,0.3389267564604239
20180902052355,v1jr5t0l90aokvdosiomcj6gr6,0,1.0,0.651840338471638
20180902073134,62lu0vu060ir92p0ok846kdc06,1,0.0,0.27093530887727857
20180904170331,1ldnuims1k9ije2o7ibsok2rr1,0,0.0,0.012173353379353324
20180906162557,npddstt365o8p4rsantvi5cdl1,0,0.0,0.01522488525409027
20180906202520,ca9o608668so22poh26602hqr7,0,0.0,0.09387075733066441
20180908234633,r6pi3dobbv08ui9k93cmrlnka0,0,0.0,0.12277358166712582
20180909061342,qhhlskqt07rjgrjqfcten234g6,1,1.0,0.5401452786358242
20180910050913,j8prckghit2i731i2t056ujea1,0,0.0,0.022299212834597015
20180910191745,kavnbpcgtq00u9s6nhrrtegfs6,1,0.0,0.3410197358079723
20180912020017,8hl86lg9f4hrb6e8spger9gcs4,0,0.0,0.005360751930313046
20180913151612,1sqogen4e1utfpnmhaeiv55ka6,0,0.0,0.019178249935732916
20180915202327,hkp60k843tl9b966lcj2qgt7t5,0,0.0,0.12702288361359304
20180915213338,gk9hgr3utgqnvm4pr77memrn77,0,1.0,0.6365642022383249
20180919011925,8l257p4g511sa1k9ge48cjgtb7,0,0.0,0.05798843347016314
20180919144041,f8c4fu0i93p3spmoc88d154ps6,1,1.0,0.8331413625957123
20180920050132,auf456741esmqghv4s6llsll77,1,0.0,0.17158625831087104
20180921005918,psl2l03pl7filj0ilkvlqb7df3,1,1.0,0.9780768271217256
20180924080041,bj9er85mubpaa1vtk8bqeiqjq5,1,1.0,0.9789669722080498
20180927084559,ub0skb1ebtsvdsp3qosaero5u4,1,1.0,0.9892730838406782
20180929003010,aj1j02av7op7o1p85l37gjrnq5,1,0.0,0.03354037904630469
20180930050031,1d2m04243ludun56de1le16vi7,1,0.0,0.016116379416278193
20181001071108,jgi288639m6igtok3qmrub9bb2,1,0.0,0.030637730583289335
20181001124337,cnoarrk4g3ahbve7s5hdo26l92,0,1.0,0.6974864518234807
20181001124548,m2spd2olkqtpenk4t0ccm7ed24,0,0.0,0.023372717632497375
20181001124635,7cgndgn8utnnef9cg923g22b64,0,0.0,0.009259593635212893
20181001124827,36kqrejru93jgtuqb031cgq3l3,0,1.0,0.8308479308709474
20181001124912,ji09g4vac41ornnugc37gl2rd2,0,0.0,0.01128635719874349
20181001124958,gl4lbbcqkebsfarii034tov9b3,0,0.0,0.02266040504168798
20181001125354,jinqmo0gmernktu4l7qp788nb7,0,0.0,0.02326980780216492
20181001125504,rpkob4sj6ve587dtmc071g4mb0,0,0.0,0.16606605564097854
20181001130435,vtpitbjb0mlrnloo2jp2ncqdq2,0,0.0,0.016160989012983906
20181001130620,4lkrpqeph0gqadqepjo9fq1pg5,0,0.0,0.04323637247243528
20181001130655,fik1sejav044k52rehre39um44,0,1.0,0.6991071007323585
20181001130735,duntp3eq1urbkrrthkksn03g74,1,0.0,0.024126924341102307
20181001130826,928dq8o9ll5i62oa64d9ecuhr0,0,0.0,0.011090753874632209
20181001131008,ki7unubns4ru7cgssbr691lm53,0,0.0,0.012094122098566196
20181001131013,l9fkpaq8jqvrhbt4co74sg1qv2,1,1.0,0.6373042107384204
20181001132055,155sp9jjp7kvdnedgei6re0dj2,1,0.0,0.06564188988287734
20181001132155,stcnmd5n4696tp00pjefm1d972,0,0.0,0.011359703300182322
20181001132225,rubs3tq34qhba12amdk9dv7su0,0,1.0,0.9299933326965906
20181001132254,dkv520pps5uc5ulthlq04vjfr1,0,0.0,0.012905987801407504
20181001132434,049onniafv6fe4e6q42k6nq1n2,0,0.0,0.4049947175650629
20181001132435,p1g3ob1ildrvt2rr5tq9s5aht6,0,0.0,0.010995659859141083
20181001132851,jn4hdlpv9gasdcvqvi927nres7,0,0.0,0.03583939760529764
20181001133000,fqh7urv6in5gj2qd5g3bb3p7q3,0,0.0,0.01075166459261212
20181001133457,bmuidon9mi2uj3tfpnim84ppk1,0,0.0,0.012535445113093346
20181001134057,h3n8g8fm85bbvk0sg227a89de1,0,0.0,0.011816885074715233
20181001134127,qmtrc85us47t70saj53a6qipm4,0,0.0,0.3774384869557784
20181001134531,scqt7vnrie19uqkh9cqh8c70v0,0,1.0,0.9681522456693992
20181001134541,7qdecbels6msit1sahd7o6qd22,1,1.0,0.8267707643215166
20181001135120,kjsj8njkjskf7rc2qpd2cj3n61,0,0.0,0.028023223549972776
20181001135214,34ve36o41p2mjo9tsecjm99eb7,0,0.0,0.02214565983411554
20181001135910,jduvn2k6smajnqcku2058rla86,0,0.0,0.01202921210064034
20181001140123,8vg7a5dei9ojbt2fc5auufov14,1,0.0,0.4873269130283795
20181001140533,euduagk265u57ual1qvrnrhpn0,0,0.0,0.011273280425112109
20181001141127,5fnc0c7sdgf0sfugmh23885320,0,0.0,0.01905155914918899
20181001141303,43k8ftpoatv4569ir2dnef29v3,0,0.0,0.08012164944323574
20181001141545,2o65jhb3oo0oihnpu62p172002,0,0.0,0.010032896526264157
20181001142324,k0vdjabbp30alj9e4h2hecsir5,0,0.0,0.05254451658083181
20181001142531,eli183jll63fk9050s079t32q4,0,0.0,0.06758803783175271
20181001143224,36l8kq2uj0gb4atp7q3sisn1v2,0,0.0,0.026691422527898023
20181001143236,7tam7u0h7a84fgdfv3f5k5la81,0,0.0,0.011673913346356368
20181001143930,70i8iko0isad9b4qpdajh1jb60,0,0.0,0.097483094786178
20181001144043,sin6h3f8oc6g5m9vjfrqls4ce1,0,0.0,0.011273280425112109
20181001144352,1u858hd3ghvtn762tjddop99u4,0,0.0,0.048533163301721305
20181001144525,9npd2oobkrvkljtjj1ja71l2r7,1,1.0,0.6761526635145485
20181001144857,r1osgbloo8lf038r6o7fc8iv65,0,0.0,0.03184271116320503
20181001144921,2u2hqcv87drb8foki30d2ca4r2,1,1.0,0.957845179446519
20181001145318,51g7uh5kiu3748lintglq7dli1,0,0.0,0.053154311265745546
20181001145340,9f6bi8c9iqa8mnmvhqn457ida6,0,0.0,0.01477773933167481
20181001145608,303sqg29d0opgo2e0j4lnb2uj5,1,0.0,0.07019492973720842
20181001150212,m3ho5nv1os72cblk78n6aibcg0,1,1.0,0.5163921296727969
20181001150443,1nr6mqeuopomojugo7b26384v7,0,0.0,0.07683681380377394
20181001150622,05vvvkdjh4c5qcvccip3fs3uu2,1,0.0,0.013885708464129176
20181001151229,mj8i73b1ksi5fjat441bgb3834,0,0.0,0.015552906284303725
20181001151700,lfgd42mlttb3fhd7ndojef5cc4,0,0.0,0.013049591922736248
20181001151711,114gqbvbhgi9udm9f3suckl2c3,0,0.0,0.020742080867127477
20181001151929,9llv24ngl42d2hrqjmqmmpn6d6,0,0.0,0.012490316656605716
20181001152254,2ouej1cf274muckr29g01gj231,0,0.0,0.18068461472790254
20181001153143,43e4hllfgs1cs0kcgb6el2gog0,0,0.0,0.011863767187520469
20181001153251,ck561nnt1ggfo1og5ljt171ah2,1,1.0,0.9934987639148986
20181001153403,un32sivj2tlstvpjodpigcatn1,0,0.0,0.035621965407685585
20181001153618,j2v6pi3mianvflq7pdpqlqgmo4,1,0.0,0.30099463697565243
20181001153801,pa88chlk052pgnuq8i10agnml2,0,0.0,0.05161970580673503
20181001154114,2ah6s8atod47ib3qn4gqt0mif7,1,0.0,0.04184287344085025
20181001154142,i0l91m11ckehchr478r5d6j1e0,0,0.0,0.02940716868916493
20181001154539,gstoepthcnaekgd5h7o3iajmo5,1,1.0,0.8273354518114857
20181001154559,f267bmnkgb388hnam2337tasc2,0,1.0,0.9612960340585526
20181001154630,0uvvot2pbgb3p4jaasek0anvq0,1,0.0,0.026741603629542587
20181001154712,cr8epnh260nsd99cfg8fhh4io7,0,0.0,0.14316391679614815
20181001155112,m6evpqrofq6bngvd21696pgti1,0,0.0,0.01496419769830859
20181001155229,0dohk64lam76rvvqrvuji93ms3,0,0.0,0.07372272876908581
20181001155353,27gas1b2k18b8ht0dk2qqi6fg6,1,0.0,0.01637159155535617
20181001155416,7gqrh7hrv7pvbf58idf8ej6oe5,0,0.0,0.009545742473082486
20181001155452,p9ptc5m6ic4gmejdsboko83v85,0,0.0,0.01996151768464638
20181001155636,s079tc9cg916gr8hfglm5hobk3,0,0.0,0.01825922788817569
20181001155655,fur6ssb1c6e5f5iml39gcmum66,0,0.0,0.1581195292447941
20181001160541,i36lk2srml57fpr2vm385i16k1,0,1.0,0.9920899954117082
20181001160923,pj41g72399e7skiitmkvqqtpa0,1,1.0,0.8736310097043198
20181001161108,9hf8q2a4htt5j6sbt32d3vct87,1,1.0,0.9864031654773812
20181001161258,qn5btrpl57feuj1veli13ftqi2,1,1.0,0.8618209933473486
20181001161704,8idnggji4b4d3j1q5oao82fq67,0,0.0,0.011663148420134606
20181001161900,pigc45bk9rv5pf3aaugh303u27,0,0.0,0.07328228093391886
20181001161917,7dmehlc9sopvtl5g76gp797a92,0,0.0,0.01004650837484633
20181001162312,ga5frqnt8rvhivt93h272k3mo7,0,0.0,0.011261637302710237
20181001162429,fr57slu7lnabk68d7q0fvi5lf6,0,0.0,0.017816298121739016
20181001162436,citqno4ve6o3iikob6doj2e1r2,0,1.0,0.971999813375775
20181001162639,tu8vq13gtooa9misb3nkbqn826,0,0.0,0.0991313986353427
20181001164655,d6hspu169vvppm3f0f44mjfkr5,0,0.0,0.01651219229564249
20181001164850,1rlfq626218si8schcti908nb6,1,1.0,0.996056625932783
20181001164925,3qi3g54adlmno14b5lg89gk486,0,0.0,0.01794679520321385
20181001165527,1a3luiuldobmdnbdlnkssb50r3,1,0.0,0.08219916984040632
20181001165757,vj2bi2abvl12i920s9ibrhol75,0,0.0,0.024701697654225807
20181001165906,ravr885m7qauhcmpenl12ubkb4,0,0.0,0.01365458865423086
20181001170103,s0voqs2u4mab6hl2qhqed4c8n1,1,1.0,0.6394163503755457
20181001170341,jitvl5opv3tu5s1rumjc0olv17,1,1.0,0.9859992654876486
20181001170747,df0rcj6bf9s1u2o2ih0knj3j22,0,0.0,0.39642474666558536
20181001170958,u6o89jjl9socalhn7rm4eilrs4,0,0.0,0.011498327854843282
20181001171944,pc5pnf9t82vo52pg1v7q78oh24,0,0.0,0.06010906396394222
20181001172138,32ldp7eun8toloaq2orkaduoc3,0,0.0,0.04500418923492244
20181001172413,5ao29knievn5imck7vkq9kjg37,1,0.0,0.132441976713515
20181001172926,6sjc5jav4g5a0n1ga4h6ieclb1,0,0.0,0.030689301608766484
20181001173034,rk5o6e76netb6snckpan3blhf0,0,1.0,0.9297474399664751
20181001173534,sosar9rjcgrvd4aa5j6fubh9u4,1,1.0,0.874687054137341
20181001174858,5a33bn28na98pgp8ujpd87t0i6,0,0.0,0.0457139473638104
20181001175347,8rv8jf6nf7q7cu4cp1r8f76322,0,0.0,0.049016948569146734
20181001175715,bdsmi20r25i6cjth8vg0etols5,1,1.0,0.6542541067157919
20181001175716,mm6va1a31c7f7vhp0istnsfjg2,0,1.0,0.923588429697419
20181001175811,1754gfk3jhtl9lvt53se6sft41,0,0.0,0.020477812867548573
20181001180546,84ma356so07qpglsnc58vovak1,1,0.0,0.07880407768258824
20181001180912,jrrba7cgm4sbij5t26uhtcmt50,0,0.0,0.01544091290619809
20181001182524,4hoes3g83b8acvm7tbnr041fd0,1,1.0,0.9875370053278529
20181001183455,v3c2trf475ks63cpifsg19qg27,0,1.0,0.9653325510915878
20181001183942,sc3hn4to26r4sagretuvf9dmj5,0,1.0,0.9515174275117961
20181001184246,igpt053skh7a8v5st52h6b7ud0,0,0.0,0.012048003790595119
20181001184420,6k4di8661bd68ts3iq0j2dqpe6,0,0.0,0.060426826526457034
20181001184710,se41bb67ntagm2861lpvi1vat6,1,0.0,0.01280718830347971
20181001185123,5m81bgi90u8ohvtj4jlcgugip4,0,0.0,0.024660757621394858
20181001190800,bqaooqmav7dc7q254r24pgjeb0,1,1.0,0.9895847423780265
20181001191337,tai3rute68l7pfjg6dp2oev9k5,1,0.0,0.11261846750247884
20181001191951,2m5s9p3q1kat1m13pucro8sbu0,0,0.0,0.02459256927670561
20181001192722,am1lfhi9m8k4rhic9p95o7ghc6,0,0.0,0.01356137383338163
20181001192811,ta02bk75emr9oeicfs7ipt9am7,1,0.0,0.20379532572642145
20181001192915,7gk6viplljg5h4b3q5vd7cc356,0,0.0,0.024899464799392756
20181001193125,m656grlp15mk9rkoudcohea1i5,0,0.0,0.011261637302710237
20181001193146,e12n6nokh3iohf4fh388dtpjs6,0,0.0,0.011002634541724676
20181001193318,7q5sqgh1r9r1pu83n22kujtbn3,0,0.0,0.012420394045104755
20181001194042,jhcharfq7covuvprnkom2530o2,0,0.0,0.019779575285989837
20181001195252,gbav6d8c5reu7cn98qctl87gr2,1,0.0,0.18638935177165417
20181001200709,6iubl7mq54eu467en02pu8d096,0,0.0,0.07118321685857998
20181001200811,aerq96vf61b12ba1ofrh9133g2,0,0.0,0.011256967884038849
20181001202042,thi1ld13rtm9h0h24v024kbn71,1,1.0,0.9885386718511325
20181001202148,lkimf83qp5nh38jlj55mmmbko2,0,0.0,0.010296365429421361
20181001202254,uhmqfpi57nqc02prlrrc1mkob7,0,1.0,0.7886245935653433
20181001202337,6eius6cms8bt1lq4p505vpssk3,0,0.0,0.1685409519638812
20181001203208,73gct8u4a3sf0loef8rdphcvc7,0,1.0,0.6213667724454965
20181001203305,nbnmgikiftipih4v7qkb9qojm0,1,0.0,0.03306765135957246
20181001203725,eeqjkbjtnk024ciulf3jm5vql4,0,0.0,0.15383482036913587
20181001204610,3btjrnhu3p9p48idsr2ovp3p57,1,1.0,0.864819662063845
20181001204855,v9qefffoha85m1oundkt83ve33,0,0.0,0.011067375170141336
20181001204905,b2p8tqulv3jkes8kd4gj79ipj2,0,0.0,0.011255287725106644
20181001205805,t258i25c7c237k2icpub537rl1,0,0.0,0.03240749755833827
20181001205846,93cc2vql03r6kb5a2hm8qalfs2,0,1.0,0.9617326179976468
20181001210026,bl5otnhdidkt6i8djqcjg2np16,0,0.0,0.0522305814813292
20181001210122,iqkqnqke4bvcck87e9fs0t3d37,0,0.0,0.013562565506398117
20181001211316,jbfueajoueh22vjkj6vurhie66,1,0.0,0.05954894603652794
20181001211710,mo3c1k4qe4lpbnueoidhhq8174,0,1.0,0.8434580245936094
20181001211723,gp2p0h3bbtvajbletlsq4f4dk1,1,0.0,0.12570574018258052
20181001212147,psa8ldvsjrdsscbg0i8aqdk457,1,1.0,0.9682467642729409
20181001213102,94otpp2c9p3larhfd50csu0ql7,0,1.0,0.7095192344890885
20181001213527,t3r02iivdb7igtela341fqeb66,0,0.0,0.10946623158693236
20181001213838,38pu8mev32n1s3t52qej5798r6,0,0.0,0.18491507671078833
20181001213929,qgpvvb7d49tlofjvcgublet1m3,0,0.0,0.021298828505379674
20181001215102,49cbs62vgec00iegar80jdf033,0,0.0,0.10465451963372652
20181001215911,c4eqelnm2q6u5u4vrdj7tk33q6,0,0.0,0.031117061047070682
20181001225126,1ge24s3f72q7iupi8monv3hgb7,0,0.0,0.20849562690333445
20181001230440,678gmvnvbva8ffb5hparhbnke7,0,0.0,0.02033200450279571
20181001231509,387390dp2puls7u5pnpiiaedv7,1,0.0,0.3356636247843505
20181001232036,cabr0tgucjjsmad052sjrgeq84,0,0.0,0.023525636836133068
20181001232315,scqh8u8jau4aertb5q2cc6t7q6,0,0.0,0.025701927976900185
20181001232606,utup6o6cc51fp045o7hbk8udu5,0,0.0,0.011460932826663384
20181001234111,5md306bj3qul0a33kgmtdg61j4,0,0.0,0.011396025985107139
20181001234643,rpcomdgrlaotqdqfpb1esjn4s6,0,0.0,0.17913013893701246
20181001234654,ogdq41o3kt6ol0u9bbmsvs83c2,0,0.0,0.007790440306353674
20181002000804,oupb1avc2dfjhsqdp6k72cifq7,0,0.0,0.01190950909779398
20181002002400,fvnsjqji5ot2v5fr4s8b27bun6,0,0.0,0.011261637302710237
20181002002858,i4dc80df86ehoqvp1af10c6i54,0,0.0,0.4487695104961875
20181002003319,973r6m4jshs62da66ph1up3ep3,0,0.0,0.11435828121044944
20181002004616,gs7475e7aeifv31i8pg3mok5f6,0,0.0,0.012108621899937888
20181002005520,2l7sk6f44jcos4g6a8o1uhkto7,0,0.0,0.050966129368798296
20181002014600,uuda94u80vidj01hecufkj2n20,0,0.0,0.12599904604745982
20181002015251,j8k8hje5q6d64o010nu6l2cht6,0,1.0,0.5231291637416251
20181002021417,al6jij2mlqntoac19jt7mtpfb4,0,0.0,0.014232504790468559
20181002022118,3m8bgapootcbr22k8auk1ovmu3,0,1.0,0.8863802631894963
20181002032443,9rhgsds4vp87d78bv3kn2o5e54,0,0.0,0.024602013274162005
20181002033106,du66qhfv3o9i878vh07g05u807,0,0.0,0.0308153934912474
20181002034200,pas2hd3b2qgv7vn0vggdllr2i0,0,1.0,0.8843490166665746
20181002034341,onsl80atlt653uop4t7hhn64t3,0,1.0,0.637720399985106
20181002034442,uv04cbdm4agahsdo2sh45bcg90,0,0.0,0.10635084285071206
20181002041555,f0gfkjjmv892m69uqn0dm9pka0,0,1.0,0.9605572200286372
20181002050402,vmk70qd8s16nprisa2s1vgtah5,0,0.0,0.015604081980252427
20181002052210,rhpah6d56lto8agntfc9r07l95,0,0.0,0.46967279629454817
20181002055814,6dv2ihkjs65sjsmhrlmcg1r1r5,0,0.0,0.025263355826754097
20181002060144,vsat7v8escppehc7035ou5lpm2,0,0.0,0.11821555335657041
20181002082240,u6jv1a9i03l5d6bqvloj9kr9j6,0,0.0,0.025615193148653126
20181002084538,7ocdqh5tkvo7er1qg3b3243b95,1,0.0,0.4584005408476195
20181002085715,vg012ittiob3dcpabhqrtjicg5,1,0.0,0.16695876042295632
20181002091602,e9p107n0a6cfishfhumvvpfnh5,1,1.0,0.8451985786994194
20181002092419,lk5qrd55v6j5tka6ucjlitva85,0,0.0,0.010518442966560793
20181002094823,rol2cc2n29oav19nt8qlcnma34,1,1.0,0.668085854098391
20181002105243,bl4td3oo6qav1uc9efi1m6d0p2,0,0.0,0.01121784139364368
20181002110746,tl6o3ackr7krj4b2lcsqco3ha7,0,0.0,0.013925510447261868
20181002122011,5o6lrjm5hnv45csp0umupbdr51,0,0.0,0.014280490222853603
20181002131439,ba7cgr61jpvdje9ok722362l67,0,0.0,0.2645607356392927
20181002132806,inqu37blg8ldk4o8ju0m4rrk81,1,0.0,0.04266438464185629
20181002132842,jjfivam46pthe0sj9afsv3dh61,0,0.0,0.011261637302710237
20181002134352,jq3t6e9qm3id5coon1ribudai1,0,1.0,0.9320552753260353
20181002145804,kglf34kt7re9cvtu4vfo415dm4,0,0.0,0.4886732447858302
20181002150031,gfd4h8cs0arb2mkobnmjerjh52,1,1.0,0.9076256267460211
20181002152954,6uvvcom7kjt5tfvbaqeu8ektr5,0,0.0,0.022893702096471014
20181002154613,kkve2rgsg7t74j113j0q239t75,0,0.0,0.0234734174388066
